ID,batter,non-striker,batsman_run
1304047,AM Rahane,N Rana,8
1304047,AM Rahane,SS Iyer,9
1304047,AM Rahane,VR Iyer,27
1304047,AT Rayudu,RA Jadeja,1
1304047,AT Rayudu,RV Uthappa,14
1304047,DP Conway,RV Uthappa,3
1304047,MS Dhoni,RA Jadeja,50
1304047,N Rana,AM Rahane,21
1304047,RA Jadeja,AT Rayudu,2
1304047,RA Jadeja,MS Dhoni,18
1304047,RA Jadeja,S Dube,6
1304047,RD Gaikwad,DP Conway,0
1304047,RV Uthappa,AT Rayudu,6
1304047,RV Uthappa,DP Conway,22
1304047,S Dube,RA Jadeja,3
1304047,SP Jackson,SS Iyer,3
1304047,SS Iyer,AM Rahane,2
1304047,SS Iyer,SP Jackson,7
1304047,SS Iyer,SW Billings,11
1304047,SW Billings,SS Iyer,25
1304047,VR Iyer,AM Rahane,16
1304048,AR Patel,Lalit Yadav,38
1304048,Anmolpreet Singh,Ishan Kishan,8
1304048,DR Sams,Ishan Kishan,7
1304048,Ishan Kishan,Anmolpreet Singh,8
1304048,Ishan Kishan,DR Sams,10
1304048,Ishan Kishan,KA Pollard,2
1304048,Ishan Kishan,RG Sharma,25
1304048,Ishan Kishan,TH David,24
1304048,Ishan Kishan,Tilak Varma,12
1304048,KA Pollard,Ishan Kishan,3
1304048,Lalit Yadav,AR Patel,31
1304048,Lalit Yadav,PP Shaw,7
1304048,Lalit Yadav,SN Thakur,10
1304048,Mandeep Singh,PP Shaw,0
1304048,PP Shaw,Lalit Yadav,31
1304048,PP Shaw,TL Seifert,7
1304048,R Powell,Lalit Yadav,0
1304048,RG Sharma,Ishan Kishan,41
1304048,RR Pant,PP Shaw,1
1304048,SN Thakur,Lalit Yadav,22
1304048,TH David,Ishan Kishan,12
1304048,TL Seifert,PP Shaw,21
1304048,Tilak Varma,Ishan Kishan,22
1304049,Anuj Rawat,F du Plessis,21
1304049,F du Plessis,Anuj Rawat,13
1304049,F du Plessis,V Kohli,75
1304049,KD Karthik,V Kohli,32
1304049,LS Livingstone,M Shahrukh Khan,11
1304049,LS Livingstone,PBB Rajapaksa,8
1304049,M Shahrukh Khan,LS Livingstone,3
1304049,M Shahrukh Khan,OF Smith,21
1304049,MA Agarwal,S Dhawan,32
1304049,OF Smith,M Shahrukh Khan,25
1304049,PBB Rajapaksa,LS Livingstone,10
1304049,PBB Rajapaksa,S Dhawan,33
1304049,RA Bawa,LS Livingstone,0
1304049,S Dhawan,MA Agarwal,29
1304049,S Dhawan,PBB Rajapaksa,14
1304049,V Kohli,F du Plessis,38
1304049,V Kohli,KD Karthik,3
1304050,A Badoni,DJ Hooda,35
1304050,A Badoni,KH Pandya,19
1304050,A Manohar,R Tewatia,15
1304050,DA Miller,MS Wade,3
1304050,DA Miller,R Tewatia,27
1304050,DJ Hooda,A Badoni,51
1304050,DJ Hooda,MK Pandey,4
1304050,E Lewis,MK Pandey,4
1304050,E Lewis,Q de Kock,6
1304050,HH Pandya,MS Wade,33
1304050,KH Pandya,A Badoni,20
1304050,KH Pandya,PVD Chameera,1
1304050,KL Rahul,Q de Kock,0
1304050,MK Pandey,DJ Hooda,4
1304050,MK Pandey,E Lewis,2
1304050,MS Wade,DA Miller,3
1304050,MS Wade,HH Pandya,22
1304050,MS Wade,V Shankar,5
1304050,PVD Chameera,KH Pandya,1
1304050,Q de Kock,E Lewis,7
1304050,R Tewatia,A Manohar,8
1304050,R Tewatia,DA Miller,32
1304050,Shubman Gill,MS Wade,0
1304050,V Shankar,MS Wade,4
1304051,AK Markram,Abdul Samad,4
1304051,AK Markram,Abhishek Sharma,12
1304051,AK Markram,B Kumar,12
1304051,AK Markram,R Shepherd,16
1304051,AK Markram,Washington Sundar,13
1304051,Abdul Samad,AK Markram,4
1304051,Abhishek Sharma,AK Markram,7
1304051,Abhishek Sharma,KS Williamson,1
1304051,Abhishek Sharma,N Pooran,1
1304051,Abhishek Sharma,RA Tripathi,0
1304051,B Kumar,AK Markram,3
1304051,D Padikkal,SV Samson,41
1304051,JC Buttler,SV Samson,2
1304051,JC Buttler,YBK Jaiswal,33
1304051,KS Williamson,Abhishek Sharma,2
1304051,N Pooran,Abhishek Sharma,0
1304051,NM Coulter-Nile,R Parag,1
1304051,R Parag,NM Coulter-Nile,1
1304051,R Parag,SO Hetmyer,11
1304051,R Shepherd,AK Markram,24
1304051,RA Tripathi,Abhishek Sharma,0
1304051,SO Hetmyer,R Parag,30
1304051,SO Hetmyer,SV Samson,2
1304051,SV Samson,D Padikkal,27
1304051,SV Samson,JC Buttler,15
1304051,SV Samson,SO Hetmyer,13
1304051,Washington Sundar,AK Markram,40
1304051,YBK Jaiswal,JC Buttler,20
1304052,AD Russell,SW Billings,10
1304052,AD Russell,TG Southee,15
1304052,AM Rahane,SS Iyer,6
1304052,AM Rahane,VR Iyer,3
1304052,Anuj Rawat,F du Plessis,0
1304052,CV Varun,UT Yadav,10
1304052,DJ Willey,SE Rutherford,18
1304052,F du Plessis,Anuj Rawat,1
1304052,F du Plessis,V Kohli,4
1304052,HV Patel,KD Karthik,10
1304052,KD Karthik,HV Patel,11
1304052,KD Karthik,SE Rutherford,3
1304052,N Rana,SS Iyer,10
1304052,PWH de Silva,KD Karthik,4
1304052,SE Rutherford,DJ Willey,16
1304052,SE Rutherford,KD Karthik,2
1304052,SE Rutherford,Shahbaz Ahmed,10
1304052,SP Jackson,SW Billings,0
1304052,SP Narine,SS Iyer,1
1304052,SP Narine,SW Billings,11
1304052,SS Iyer,AM Rahane,11
1304052,SS Iyer,N Rana,1
1304052,SS Iyer,SP Narine,1
1304052,SW Billings,AD Russell,4
1304052,SW Billings,SP Narine,10
1304052,Shahbaz Ahmed,SE Rutherford,27
1304052,TG Southee,AD Russell,0
1304052,TG Southee,UT Yadav,1
1304052,UT Yadav,CV Varun,17
1304052,UT Yadav,TG Southee,1
1304052,V Kohli,DJ Willey,0
1304052,V Kohli,F du Plessis,12
1304052,VR Iyer,AM Rahane,10
1304053,A Badoni,E Lewis,19
1304053,AT Rayudu,S Dube,27
1304053,D Pretorius,MS Dhoni,0
1304053,DJ Bravo,MS Dhoni,1
1304053,DJ Hooda,E Lewis,13
1304053,E Lewis,A Badoni,16
1304053,E Lewis,DJ Hooda,16
1304053,E Lewis,Q de Kock,23
1304053,KL Rahul,Q de Kock,40
1304053,MK Pandey,Q de Kock,5
1304053,MM Ali,RV Uthappa,27
1304053,MM Ali,S Dube,8
1304053,MS Dhoni,DJ Bravo,6
1304053,MS Dhoni,RA Jadeja,10
1304053,Q de Kock,E Lewis,9
1304053,Q de Kock,KL Rahul,52
1304053,RA Jadeja,MS Dhoni,4
1304053,RA Jadeja,S Dube,13
1304053,RD Gaikwad,RV Uthappa,1
1304053,RV Uthappa,MM Ali,29
1304053,RV Uthappa,RD Gaikwad,21
1304053,S Dube,AT Rayudu,25
1304053,S Dube,MM Ali,14
1304053,S Dube,RA Jadeja,10
1304054,AD Russell,SW Billings,70
1304054,AM Rahane,VR Iyer,12
1304054,Arshdeep Singh,OF Smith,0
1304054,Harpreet Brar,M Shahrukh Khan,8
1304054,Harpreet Brar,OF Smith,6
1304054,K Rabada,OF Smith,25
1304054,LS Livingstone,RA Bawa,9
1304054,LS Livingstone,S Dhawan,10
1304054,M Shahrukh Khan,Harpreet Brar,0
1304054,MA Agarwal,S Dhawan,1
1304054,N Rana,SW Billings,0
1304054,OF Smith,Harpreet Brar,2
1304054,OF Smith,K Rabada,7
1304054,PBB Rajapaksa,S Dhawan,31
1304054,RA Bawa,LS Livingstone,5
1304054,RA Bawa,M Shahrukh Khan,6
1304054,RD Chahar,OF Smith,0
1304054,S Dhawan,LS Livingstone,6
1304054,S Dhawan,MA Agarwal,1
1304054,S Dhawan,PBB Rajapaksa,9
1304054,SS Iyer,SW Billings,5
1304054,SS Iyer,VR Iyer,21
1304054,SW Billings,AD Russell,16
1304054,SW Billings,SS Iyer,8
1304054,VR Iyer,AM Rahane,1
1304054,VR Iyer,SS Iyer,2
1304055,Anmolpreet Singh,Ishan Kishan,5
1304055,D Padikkal,JC Buttler,7
1304055,DR Sams,KA Pollard,0
1304055,Ishan Kishan,Anmolpreet Singh,19
1304055,Ishan Kishan,RG Sharma,4
1304055,Ishan Kishan,Tilak Varma,31
1304055,JC Buttler,D Padikkal,28
1304055,JC Buttler,R Parag,0
1304055,JC Buttler,SO Hetmyer,11
1304055,JC Buttler,SV Samson,49
1304055,JC Buttler,YBK Jaiswal,12
1304055,JJ Bumrah,KA Pollard,0
1304055,KA Pollard,JJ Bumrah,4
1304055,KA Pollard,M Ashwin,18
1304055,KA Pollard,TH David,0
1304055,KA Pollard,Tilak Varma,0
1304055,M Ashwin,KA Pollard,6
1304055,Navdeep Saini,R Parag,2
1304055,R Ashwin,R Parag,1
1304055,R Parag,JC Buttler,0
1304055,R Parag,Navdeep Saini,1
1304055,R Parag,TA Boult,4
1304055,RG Sharma,Ishan Kishan,10
1304055,SO Hetmyer,JC Buttler,35
1304055,SV Samson,JC Buttler,30
1304055,TA Boult,R Parag,1
1304055,TH David,KA Pollard,1
1304055,Tilak Varma,Ishan Kishan,49
1304055,Tilak Varma,KA Pollard,12
1304055,YBK Jaiswal,JC Buttler,1
1304056,A Manohar,DA Miller,1
1304056,AR Patel,R Powell,8
1304056,DA Miller,A Manohar,1
1304056,DA Miller,R Tewatia,8
1304056,DA Miller,Shubman Gill,11
1304056,HH Pandya,Shubman Gill,31
1304056,KK Ahmed,Kuldeep Yadav,0
1304056,Kuldeep Yadav,Mustafizur Rahman,11
1304056,Kuldeep Yadav,R Powell,3
1304056,Lalit Yadav,RR Pant,25
1304056,MS Wade,Shubman Gill,1
1304056,Mandeep Singh,PP Shaw,18
1304056,Mandeep Singh,RR Pant,0
1304056,Mustafizur Rahman,Kuldeep Yadav,3
1304056,PP Shaw,Mandeep Singh,5
1304056,PP Shaw,TL Seifert,5
1304056,R Powell,Kuldeep Yadav,6
1304056,R Powell,RR Pant,13
1304056,R Powell,SN Thakur,1
1304056,R Tewatia,DA Miller,14
1304056,RR Pant,Lalit Yadav,32
1304056,RR Pant,Mandeep Singh,1
1304056,RR Pant,R Powell,10
1304056,Rashid Khan,DA Miller,0
1304056,SN Thakur,R Powell,2
1304056,Shubman Gill,DA Miller,24
1304056,Shubman Gill,HH Pandya,34
1304056,Shubman Gill,MS Wade,1
1304056,Shubman Gill,V Shankar,25
1304056,TL Seifert,PP Shaw,3
1304056,V Shankar,Shubman Gill,13
1304057,AT Rayudu,MM Ali,7
1304057,AT Rayudu,RA Jadeja,1
1304057,AT Rayudu,S Dube,5
1304057,CJ Jordan,MS Dhoni,2
1304057,CJ Jordan,Mukesh Choudhary,3
1304057,D Pretorius,MS Dhoni,8
1304057,DJ Bravo,MS Dhoni,0
1304057,JM Sharma,LS Livingstone,1
1304057,JM Sharma,M Shahrukh Khan,25
1304057,K Rabada,OF Smith,6
1304057,K Rabada,RD Chahar,3
1304057,K Rabada,VG Arora,3
1304057,LS Livingstone,JM Sharma,5
1304057,LS Livingstone,S Dhawan,55
1304057,M Shahrukh Khan,JM Sharma,4
1304057,M Shahrukh Khan,OF Smith,2
1304057,MA Agarwal,S Dhawan,4
1304057,MM Ali,AT Rayudu,0
1304057,MS Dhoni,CJ Jordan,11
1304057,MS Dhoni,D Pretorius,1
1304057,MS Dhoni,S Dube,11
1304057,Mukesh Choudhary,CJ Jordan,2
1304057,OF Smith,K Rabada,1
1304057,OF Smith,M Shahrukh Khan,2
1304057,PBB Rajapaksa,S Dhawan,9
1304057,RA Jadeja,AT Rayudu,0
1304057,RD Chahar,K Rabada,12
1304057,RD Gaikwad,RV Uthappa,1
1304057,RV Uthappa,MM Ali,4
1304057,RV Uthappa,RD Gaikwad,9
1304057,S Dhawan,LS Livingstone,33
1304057,S Dhawan,PBB Rajapaksa,0
1304057,S Dube,AT Rayudu,8
1304057,S Dube,MS Dhoni,49
1304057,VG Arora,K Rabada,1
1304058,A Badoni,JO Holder,8
1304058,A Badoni,KL Rahul,11
1304058,AK Markram,RA Tripathi,12
1304058,Abdul Samad,Washington Sundar,0
1304058,Abhishek Sharma,KS Williamson,8
1304058,Abhishek Sharma,RA Tripathi,5
1304058,B Kumar,R Shepherd,1
1304058,DJ Hooda,KL Rahul,51
1304058,E Lewis,KL Rahul,1
1304058,JO Holder,A Badoni,8
1304058,KH Pandya,A Badoni,6
1304058,KL Rahul,A Badoni,19
1304058,KL Rahul,DJ Hooda,35
1304058,KL Rahul,E Lewis,7
1304058,KL Rahul,Q de Kock,7
1304058,KS Williamson,Abhishek Sharma,16
1304058,MK Pandey,KL Rahul,11
1304058,N Pooran,RA Tripathi,3
1304058,N Pooran,Washington Sundar,31
1304058,Q de Kock,KL Rahul,1
1304058,R Shepherd,B Kumar,1
1304058,R Shepherd,Umran Malik,0
1304058,R Shepherd,Washington Sundar,7
1304058,RA Tripathi,AK Markram,31
1304058,RA Tripathi,Abhishek Sharma,4
1304058,RA Tripathi,N Pooran,9
1304058,Umran Malik,R Shepherd,1
1304058,Washington Sundar,N Pooran,16
1304058,Washington Sundar,R Shepherd,2
1304059,Anuj Rawat,F du Plessis,24
1304059,Anuj Rawat,V Kohli,2
1304059,D Padikkal,JC Buttler,37
1304059,DJ Willey,SE Rutherford,0
1304059,DJ Willey,V Kohli,0
1304059,F du Plessis,Anuj Rawat,29
1304059,HV Patel,KD Karthik,9
1304059,JC Buttler,D Padikkal,29
1304059,JC Buttler,SO Hetmyer,37
1304059,JC Buttler,SV Samson,2
1304059,JC Buttler,YBK Jaiswal,2
1304059,KD Karthik,HV Patel,9
1304059,KD Karthik,Shahbaz Ahmed,35
1304059,SE Rutherford,Shahbaz Ahmed,5
1304059,SO Hetmyer,JC Buttler,42
1304059,SV Samson,JC Buttler,8
1304059,Shahbaz Ahmed,KD Karthik,31
1304059,Shahbaz Ahmed,SE Rutherford,14
1304059,V Kohli,Anuj Rawat,4
1304059,V Kohli,DJ Willey,1
1304059,YBK Jaiswal,JC Buttler,4
1304060,AD Russell,VR Iyer,11
1304060,AM Rahane,VR Iyer,7
1304060,D Brevis,Ishan Kishan,29
1304060,Ishan Kishan,D Brevis,10
1304060,Ishan Kishan,RG Sharma,2
1304060,Ishan Kishan,SA Yadav,2
1304060,KA Pollard,Tilak Varma,22
1304060,N Rana,VR Iyer,8
1304060,PJ Cummins,VR Iyer,56
1304060,RG Sharma,Ishan Kishan,3
1304060,SA Yadav,Ishan Kishan,8
1304060,SA Yadav,Tilak Varma,44
1304060,SS Iyer,VR Iyer,10
1304060,SW Billings,VR Iyer,17
1304060,Tilak Varma,SA Yadav,38
1304060,VR Iyer,AD Russell,7
1304060,VR Iyer,AM Rahane,9
1304060,VR Iyer,N Rana,8
1304060,VR Iyer,PJ Cummins,4
1304060,VR Iyer,SS Iyer,9
1304060,VR Iyer,SW Billings,13
1304061,A Badoni,KH Pandya,10
1304061,DA Warner,PP Shaw,4
1304061,DA Warner,R Powell,0
1304061,DJ Hooda,KH Pandya,4
1304061,DJ Hooda,Q de Kock,7
1304061,E Lewis,Q de Kock,5
1304061,KH Pandya,DJ Hooda,19
1304061,KL Rahul,Q de Kock,24
1304061,PP Shaw,DA Warner,61
1304061,Q de Kock,DJ Hooda,27
1304061,Q de Kock,E Lewis,6
1304061,Q de Kock,KL Rahul,47
1304061,R Powell,DA Warner,2
1304061,R Powell,RR Pant,1
1304061,RR Pant,R Powell,3
1304061,RR Pant,SN Khan,36
1304061,SN Khan,RR Pant,36
1304062,Arshdeep Singh,RD Chahar,10
1304062,B Sai Sudharsan,Shubman Gill,35
1304062,DA Miller,HH Pandya,1
1304062,DA Miller,R Tewatia,5
1304062,HH Pandya,Shubman Gill,27
1304062,JM Bairstow,S Dhawan,8
1304062,JM Sharma,LS Livingstone,23
1304062,K Rabada,M Shahrukh Khan,1
1304062,LS Livingstone,JM Sharma,14
1304062,LS Livingstone,M Shahrukh Khan,14
1304062,LS Livingstone,S Dhawan,36
1304062,M Shahrukh Khan,K Rabada,0
1304062,M Shahrukh Khan,LS Livingstone,15
1304062,MA Agarwal,S Dhawan,5
1304062,MS Wade,Shubman Gill,6
1304062,OF Smith,LS Livingstone,0
1304062,R Tewatia,DA Miller,13
1304062,RD Chahar,Arshdeep Singh,17
1304062,RD Chahar,K Rabada,2
1304062,RD Chahar,VG Arora,3
1304062,S Dhawan,JM Bairstow,15
1304062,S Dhawan,LS Livingstone,15
1304062,S Dhawan,MA Agarwal,5
1304062,Shubman Gill,B Sai Sudharsan,64
1304062,Shubman Gill,HH Pandya,7
1304062,Shubman Gill,MS Wade,25
1304062,VG Arora,RD Chahar,2
1304063,AT Rayudu,MM Ali,27
1304063,Abhishek Sharma,KS Williamson,56
1304063,Abhishek Sharma,RA Tripathi,19
1304063,CJ Jordan,DJ Bravo,6
1304063,DJ Bravo,RA Jadeja,8
1304063,KS Williamson,Abhishek Sharma,32
1304063,MM Ali,AT Rayudu,35
1304063,MM Ali,RD Gaikwad,5
1304063,MM Ali,S Dube,8
1304063,MS Dhoni,RA Jadeja,3
1304063,N Pooran,RA Tripathi,5
1304063,RA Jadeja,DJ Bravo,13
1304063,RA Jadeja,MS Dhoni,9
1304063,RA Jadeja,S Dube,1
1304063,RA Tripathi,Abhishek Sharma,35
1304063,RA Tripathi,N Pooran,4
1304063,RD Gaikwad,MM Ali,6
1304063,RD Gaikwad,RV Uthappa,10
1304063,RV Uthappa,RD Gaikwad,15
1304063,S Dube,MM Ali,2
1304063,S Dube,RA Jadeja,1
1304064,Anuj Rawat,F du Plessis,29
1304064,Anuj Rawat,V Kohli,37
1304064,D Brevis,Ishan Kishan,8
1304064,F du Plessis,Anuj Rawat,16
1304064,GJ Maxwell,KD Karthik,8
1304064,Ishan Kishan,D Brevis,2
1304064,Ishan Kishan,RG Sharma,23
1304064,Ishan Kishan,SA Yadav,1
1304064,JD Unadkat,SA Yadav,13
1304064,KA Pollard,SA Yadav,0
1304064,KD Karthik,V Kohli,7
1304064,RG Sharma,Ishan Kishan,26
1304064,Ramandeep Singh,SA Yadav,6
1304064,SA Yadav,Ishan Kishan,1
1304064,SA Yadav,JD Unadkat,56
1304064,SA Yadav,KA Pollard,0
1304064,SA Yadav,Ramandeep Singh,11
1304064,Tilak Varma,SA Yadav,0
1304064,V Kohli,Anuj Rawat,41
1304064,V Kohli,KD Karthik,7
1304065,AD Russell,PJ Cummins,1
1304065,AD Russell,Rasikh Salam,20
1304065,AD Russell,SS Iyer,2
1304065,AD Russell,SW Billings,1
1304065,AM Rahane,SS Iyer,6
1304065,AM Rahane,VR Iyer,2
1304065,AR Patel,DA Warner,3
1304065,AR Patel,SN Thakur,19
1304065,CV Varun,Rasikh Salam,1
1304065,DA Warner,AR Patel,1
1304065,DA Warner,Lalit Yadav,2
1304065,DA Warner,PP Shaw,37
1304065,DA Warner,R Powell,2
1304065,DA Warner,RR Pant,19
1304065,Lalit Yadav,DA Warner,1
1304065,N Rana,SS Iyer,30
1304065,PJ Cummins,AD Russell,4
1304065,PP Shaw,DA Warner,51
1304065,R Powell,DA Warner,8
1304065,RR Pant,DA Warner,27
1304065,Rasikh Salam,AD Russell,7
1304065,Rasikh Salam,CV Varun,0
1304065,SN Thakur,AR Patel,29
1304065,SP Narine,AD Russell,4
1304065,SS Iyer,AD Russell,8
1304065,SS Iyer,AM Rahane,11
1304065,SS Iyer,N Rana,35
1304065,SW Billings,AD Russell,15
1304065,UT Yadav,AD Russell,0
1304065,VR Iyer,AM Rahane,18
1304066,A Badoni,Q de Kock,5
1304066,Avesh Khan,MP Stoinis,7
1304066,D Padikkal,HE van der Dussen,0
1304066,D Padikkal,JC Buttler,25
1304066,D Padikkal,SV Samson,4
1304066,DJ Hooda,Q de Kock,25
1304066,HE van der Dussen,D Padikkal,4
1304066,HE van der Dussen,SO Hetmyer,0
1304066,JC Buttler,D Padikkal,13
1304066,JO Holder,Q de Kock,8
1304066,K Gowtham,Q de Kock,0
1304066,KH Pandya,MP Stoinis,0
1304066,KH Pandya,Q de Kock,22
1304066,KL Rahul,Q de Kock,0
1304066,MP Stoinis,Avesh Khan,28
1304066,MP Stoinis,KH Pandya,1
1304066,MP Stoinis,PVD Chameera,9
1304066,PVD Chameera,MP Stoinis,13
1304066,Q de Kock,A Badoni,17
1304066,Q de Kock,DJ Hooda,13
1304066,Q de Kock,JO Holder,4
1304066,Q de Kock,KH Pandya,5
1304066,R Ashwin,SO Hetmyer,28
1304066,R Parag,SO Hetmyer,8
1304066,SO Hetmyer,HE van der Dussen,3
1304066,SO Hetmyer,R Ashwin,36
1304066,SO Hetmyer,R Parag,20
1304066,SV Samson,D Padikkal,13
1304066,TA Boult,SO Hetmyer,2
1304067,A Manohar,HH Pandya,35
1304067,AK Markram,N Pooran,12
1304067,Abhishek Sharma,KS Williamson,42
1304067,B Sai Sudharsan,MS Wade,11
1304067,DA Miller,HH Pandya,12
1304067,HH Pandya,A Manohar,11
1304067,HH Pandya,DA Miller,22
1304067,HH Pandya,MS Wade,15
1304067,HH Pandya,R Tewatia,1
1304067,HH Pandya,Rashid Khan,1
1304067,KS Williamson,Abhishek Sharma,22
1304067,KS Williamson,N Pooran,15
1304067,KS Williamson,RA Tripathi,20
1304067,MS Wade,B Sai Sudharsan,12
1304067,MS Wade,HH Pandya,2
1304067,MS Wade,Shubman Gill,5
1304067,N Pooran,AK Markram,26
1304067,N Pooran,KS Williamson,8
1304067,R Tewatia,HH Pandya,6
1304067,RA Tripathi,KS Williamson,17
1304067,Rashid Khan,HH Pandya,0
1304067,Shubman Gill,MS Wade,7
1304068,Akash Deep,KD Karthik,0
1304068,Anuj Rawat,F du Plessis,6
1304068,Anuj Rawat,GJ Maxwell,1
1304068,Anuj Rawat,V Kohli,5
1304068,F du Plessis,Anuj Rawat,8
1304068,GJ Maxwell,Anuj Rawat,21
1304068,GJ Maxwell,Shahbaz Ahmed,5
1304068,JR Hazlewood,Mohammed Siraj,7
1304068,KD Karthik,Mohammed Siraj,21
1304068,KD Karthik,PWH de Silva,6
1304068,KD Karthik,Shahbaz Ahmed,7
1304068,MM Ali,RV Uthappa,3
1304068,Mohammed Siraj,JR Hazlewood,14
1304068,Mohammed Siraj,KD Karthik,0
1304068,PWH de Silva,KD Karthik,7
1304068,RA Jadeja,S Dube,0
1304068,RD Gaikwad,RV Uthappa,17
1304068,RV Uthappa,MM Ali,13
1304068,RV Uthappa,RD Gaikwad,2
1304068,RV Uthappa,S Dube,73
1304068,S Dube,MS Dhoni,15
1304068,S Dube,RV Uthappa,80
1304068,SS Prabhudessai,Shahbaz Ahmed,34
1304068,Shahbaz Ahmed,GJ Maxwell,3
1304068,Shahbaz Ahmed,KD Karthik,14
1304068,Shahbaz Ahmed,SS Prabhudessai,24
1304068,V Kohli,Anuj Rawat,1
1304069,D Brevis,Ishan Kishan,0
1304069,D Brevis,Tilak Varma,49
1304069,Ishan Kishan,D Brevis,0
1304069,Ishan Kishan,RG Sharma,3
1304069,JD Unadkat,M Ashwin,8
1304069,JD Unadkat,SA Yadav,4
1304069,JJ Bumrah,M Ashwin,0
1304069,JM Bairstow,S Dhawan,12
1304069,JM Sharma,M Shahrukh Khan,27
1304069,JM Sharma,OF Smith,0
1304069,JM Sharma,S Dhawan,3
1304069,KA Pollard,SA Yadav,10
1304069,LS Livingstone,S Dhawan,2
1304069,M Ashwin,JD Unadkat,0
1304069,M Shahrukh Khan,JM Sharma,15
1304069,MA Agarwal,S Dhawan,52
1304069,OF Smith,JM Sharma,1
1304069,RG Sharma,Ishan Kishan,28
1304069,S Dhawan,JM Bairstow,17
1304069,S Dhawan,JM Sharma,18
1304069,S Dhawan,LS Livingstone,1
1304069,S Dhawan,MA Agarwal,34
1304069,SA Yadav,JD Unadkat,21
1304069,SA Yadav,KA Pollard,10
1304069,SA Yadav,Tilak Varma,12
1304069,TS Mills,M Ashwin,0
1304069,Tilak Varma,D Brevis,34
1304069,Tilak Varma,SA Yadav,2
1304070,A Manohar,HH Pandya,43
1304070,D Padikkal,JC Buttler,0
1304070,DA Miller,HH Pandya,31
1304070,HE van der Dussen,SO Hetmyer,5
1304070,HE van der Dussen,SV Samson,1
1304070,HH Pandya,A Manohar,42
1304070,HH Pandya,DA Miller,20
1304070,HH Pandya,Shubman Gill,25
1304070,JC Buttler,D Padikkal,28
1304070,JC Buttler,R Ashwin,20
1304070,JC Buttler,SV Samson,6
1304070,JDS Neesham,M Prasidh Krishna,8
1304070,JDS Neesham,R Parag,9
1304070,KR Sen,M Prasidh Krishna,0
1304070,M Prasidh Krishna,JDS Neesham,1
1304070,M Prasidh Krishna,YS Chahal,3
1304070,MS Wade,Shubman Gill,12
1304070,R Ashwin,JC Buttler,8
1304070,R Parag,JDS Neesham,13
1304070,R Parag,SO Hetmyer,5
1304070,SO Hetmyer,HE van der Dussen,9
1304070,SO Hetmyer,R Parag,20
1304070,SV Samson,HE van der Dussen,8
1304070,SV Samson,JC Buttler,3
1304070,Shubman Gill,HH Pandya,12
1304070,Shubman Gill,MS Wade,0
1304070,Shubman Gill,V Shankar,1
1304070,V Shankar,Shubman Gill,2
1304070,YS Chahal,M Prasidh Krishna,5
1304071,AD Russell,Aman Hakim Khan,0
1304071,AD Russell,N Rana,26
1304071,AD Russell,PJ Cummins,7
1304071,AD Russell,UT Yadav,16
1304071,AJ Finch,VR Iyer,7
1304071,AK Markram,N Pooran,33
1304071,AK Markram,RA Tripathi,35
1304071,Abhishek Sharma,KS Williamson,3
1304071,Aman Hakim Khan,AD Russell,5
1304071,KS Williamson,RA Tripathi,17
1304071,N Pooran,AK Markram,5
1304071,N Rana,AD Russell,11
1304071,N Rana,SP Jackson,26
1304071,N Rana,SS Iyer,17
1304071,PJ Cummins,AD Russell,3
1304071,RA Tripathi,AK Markram,59
1304071,RA Tripathi,KS Williamson,12
1304071,SP Jackson,N Rana,7
1304071,SP Narine,SS Iyer,6
1304071,SS Iyer,N Rana,19
1304071,SS Iyer,VR Iyer,9
1304071,UT Yadav,AD Russell,1
1304071,VR Iyer,AJ Finch,2
1304071,VR Iyer,SS Iyer,4
1304072,D Brevis,Ishan Kishan,31
1304072,DJ Hooda,KL Rahul,15
1304072,FA Allen,KA Pollard,8
1304072,Ishan Kishan,D Brevis,4
1304072,Ishan Kishan,RG Sharma,9
1304072,Ishan Kishan,SA Yadav,0
1304072,JD Unadkat,KA Pollard,14
1304072,KA Pollard,FA Allen,18
1304072,KA Pollard,JD Unadkat,4
1304072,KA Pollard,JJ Bumrah,0
1304072,KA Pollard,SA Yadav,3
1304072,KH Pandya,KL Rahul,1
1304072,KL Rahul,DJ Hooda,22
1304072,KL Rahul,KH Pandya,0
1304072,KL Rahul,MK Pandey,33
1304072,KL Rahul,MP Stoinis,21
1304072,KL Rahul,Q de Kock,27
1304072,M Ashwin,KA Pollard,6
1304072,MK Pandey,KL Rahul,38
1304072,MP Stoinis,KL Rahul,10
1304072,Q de Kock,KL Rahul,24
1304072,RG Sharma,Ishan Kishan,6
1304072,SA Yadav,Ishan Kishan,0
1304072,SA Yadav,KA Pollard,3
1304072,SA Yadav,Tilak Varma,34
1304072,TS Mills,JJ Bumrah,0
1304072,Tilak Varma,SA Yadav,26
1304073,AR Patel,Kuldeep Yadav,7
1304073,AR Patel,SN Thakur,3
1304073,Anuj Rawat,F du Plessis,0
1304073,DA Warner,MR Marsh,34
1304073,DA Warner,PP Shaw,32
1304073,F du Plessis,Anuj Rawat,4
1304073,F du Plessis,V Kohli,4
1304073,GJ Maxwell,SS Prabhudessai,29
1304073,GJ Maxwell,Shahbaz Ahmed,7
1304073,GJ Maxwell,V Kohli,19
1304073,KD Karthik,Shahbaz Ahmed,66
1304073,Kuldeep Yadav,AR Patel,10
1304073,Lalit Yadav,RR Pant,1
1304073,MR Marsh,DA Warner,10
1304073,MR Marsh,RR Pant,4
1304073,PP Shaw,DA Warner,16
1304073,R Powell,RR Pant,0
1304073,RR Pant,Lalit Yadav,1
1304073,RR Pant,MR Marsh,14
1304073,RR Pant,SN Thakur,19
1304073,SN Thakur,AR Patel,10
1304073,SN Thakur,RR Pant,7
1304073,SS Prabhudessai,GJ Maxwell,6
1304073,Shahbaz Ahmed,GJ Maxwell,5
1304073,Shahbaz Ahmed,KD Karthik,27
1304073,V Kohli,F du Plessis,4
1304073,V Kohli,GJ Maxwell,8
1304074,AK Markram,Abhishek Sharma,4
1304074,AK Markram,N Pooran,37
1304074,Abhishek Sharma,AK Markram,11
1304074,Abhishek Sharma,KS Williamson,11
1304074,Abhishek Sharma,RA Tripathi,9
1304074,Arshdeep Singh,K Rabada,0
1304074,JM Bairstow,LS Livingstone,1
1304074,JM Bairstow,P Simran Singh,11
1304074,JM Sharma,LS Livingstone,11
1304074,KS Williamson,Abhishek Sharma,3
1304074,LS Livingstone,JM Bairstow,14
1304074,LS Livingstone,JM Sharma,2
1304074,LS Livingstone,M Shahrukh Khan,38
1304074,LS Livingstone,OF Smith,6
1304074,M Shahrukh Khan,LS Livingstone,26
1304074,N Pooran,AK Markram,35
1304074,OF Smith,K Rabada,0
1304074,OF Smith,LS Livingstone,13
1304074,P Simran Singh,JM Bairstow,12
1304074,P Simran Singh,S Dhawan,2
1304074,RA Tripathi,Abhishek Sharma,34
1304074,RD Chahar,K Rabada,0
1304074,S Dhawan,P Simran Singh,8
1304074,VG Arora,K Rabada,0
1304075,A Manohar,WP Saha,12
1304075,AS Joseph,DA Miller,0
1304075,AT Rayudu,RD Gaikwad,46
1304075,DA Miller,LH Ferguson,12
1304075,DA Miller,R Tewatia,33
1304075,DA Miller,Rashid Khan,30
1304075,DA Miller,WP Saha,19
1304075,MM Ali,RD Gaikwad,1
1304075,R Tewatia,DA Miller,6
1304075,RA Jadeja,S Dube,22
1304075,RD Gaikwad,AT Rayudu,45
1304075,RD Gaikwad,MM Ali,22
1304075,RD Gaikwad,RV Uthappa,2
1304075,RD Gaikwad,S Dube,4
1304075,RV Uthappa,RD Gaikwad,3
1304075,Rashid Khan,DA Miller,40
1304075,S Dube,RA Jadeja,16
1304075,S Dube,RD Gaikwad,3
1304075,Shubman Gill,WP Saha,0
1304075,V Shankar,WP Saha,0
1304075,WP Saha,A Manohar,2
1304075,WP Saha,DA Miller,7
1304075,WP Saha,Shubman Gill,1
1304075,WP Saha,V Shankar,1
1304076,AD Russell,SS Iyer,0
1304076,AJ Finch,SP Narine,0
1304076,AJ Finch,SS Iyer,58
1304076,CV Varun,UT Yadav,1
1304076,D Padikkal,JC Buttler,24
1304076,JC Buttler,D Padikkal,67
1304076,JC Buttler,SO Hetmyer,12
1304076,JC Buttler,SV Samson,24
1304076,KK Nair,SO Hetmyer,3
1304076,N Rana,SS Iyer,18
1304076,PJ Cummins,SP Jackson,0
1304076,R Ashwin,SO Hetmyer,2
1304076,R Parag,SO Hetmyer,5
1304076,SO Hetmyer,JC Buttler,6
1304076,SO Hetmyer,KK Nair,4
1304076,SO Hetmyer,R Ashwin,16
1304076,SP Jackson,SS Iyer,1
1304076,SP Jackson,UT Yadav,7
1304076,SS Iyer,AD Russell,1
1304076,SS Iyer,AJ Finch,41
1304076,SS Iyer,N Rana,22
1304076,SS Iyer,SP Jackson,0
1304076,SS Iyer,VR Iyer,21
1304076,SV Samson,JC Buttler,38
1304076,Shivam Mavi,SP Jackson,0
1304076,UT Yadav,CV Varun,0
1304076,UT Yadav,SP Jackson,21
1304076,VR Iyer,SS Iyer,6
1304077,A Badoni,KH Pandya,4
1304077,A Badoni,MP Stoinis,9
1304077,Anuj Rawat,F du Plessis,4
1304077,DJ Hooda,KH Pandya,13
1304077,F du Plessis,GJ Maxwell,14
1304077,F du Plessis,KD Karthik,35
1304077,F du Plessis,SS Prabhudessai,6
1304077,F du Plessis,Shahbaz Ahmed,41
1304077,GJ Maxwell,F du Plessis,23
1304077,HV Patel,KD Karthik,0
1304077,JO Holder,MP Stoinis,3
1304077,JO Holder,PVD Chameera,13
1304077,KD Karthik,F du Plessis,13
1304077,KH Pandya,A Badoni,4
1304077,KH Pandya,DJ Hooda,19
1304077,KH Pandya,KL Rahul,19
1304077,KL Rahul,KH Pandya,7
1304077,KL Rahul,MK Pandey,10
1304077,KL Rahul,Q de Kock,13
1304077,MK Pandey,KL Rahul,6
1304077,MP Stoinis,A Badoni,16
1304077,MP Stoinis,JO Holder,8
1304077,PVD Chameera,JO Holder,1
1304077,Q de Kock,KL Rahul,3
1304077,Ravi Bishnoi,PVD Chameera,0
1304077,SS Prabhudessai,F du Plessis,10
1304077,Shahbaz Ahmed,F du Plessis,26
1304077,V Kohli,F du Plessis,0
1304078,Arshdeep Singh,RD Chahar,4
1304078,Arshdeep Singh,VG Arora,5
1304078,DA Warner,PP Shaw,37
1304078,DA Warner,SN Khan,23
1304078,JM Bairstow,JM Sharma,0
1304078,JM Bairstow,LS Livingstone,9
1304078,JM Bairstow,MA Agarwal,0
1304078,JM Sharma,JM Bairstow,8
1304078,JM Sharma,M Shahrukh Khan,24
1304078,K Rabada,M Shahrukh Khan,2
1304078,LS Livingstone,JM Bairstow,2
1304078,M Shahrukh Khan,JM Sharma,7
1304078,M Shahrukh Khan,K Rabada,3
1304078,M Shahrukh Khan,RD Chahar,2
1304078,MA Agarwal,JM Bairstow,2
1304078,MA Agarwal,S Dhawan,22
1304078,NT Ellis,M Shahrukh Khan,0
1304078,PP Shaw,DA Warner,41
1304078,RD Chahar,Arshdeep Singh,12
1304078,S Dhawan,MA Agarwal,9
1304078,SN Khan,DA Warner,12
1304078,VG Arora,Arshdeep Singh,2
1304079,AT Rayudu,RA Jadeja,10
1304079,AT Rayudu,RV Uthappa,21
1304079,AT Rayudu,S Dube,9
1304079,D Brevis,Ishan Kishan,1
1304079,D Brevis,SA Yadav,3
1304079,D Pretorius,MS Dhoni,22
1304079,DJ Bravo,MS Dhoni,1
1304079,DR Sams,Tilak Varma,5
1304079,HR Shokeen,Tilak Varma,25
1304079,Ishan Kishan,D Brevis,0
1304079,JD Unadkat,Tilak Varma,19
1304079,KA Pollard,Tilak Varma,14
1304079,MJ Santner,RV Uthappa,11
1304079,MS Dhoni,D Pretorius,10
1304079,MS Dhoni,DJ Bravo,16
1304079,MS Dhoni,RA Jadeja,2
1304079,RA Jadeja,AT Rayudu,3
1304079,RA Jadeja,MS Dhoni,0
1304079,RD Gaikwad,RV Uthappa,0
1304079,RG Sharma,Ishan Kishan,0
1304079,RV Uthappa,AT Rayudu,27
1304079,RV Uthappa,MJ Santner,3
1304079,S Dube,AT Rayudu,13
1304079,SA Yadav,D Brevis,18
1304079,SA Yadav,Tilak Varma,14
1304079,Tilak Varma,DR Sams,4
1304079,Tilak Varma,HR Shokeen,12
1304079,Tilak Varma,JD Unadkat,15
1304079,Tilak Varma,KA Pollard,10
1304079,Tilak Varma,SA Yadav,10
1304080,AR Patel,Lalit Yadav,1
1304080,D Padikkal,JC Buttler,54
1304080,DA Warner,PP Shaw,28
1304080,JC Buttler,D Padikkal,99
1304080,JC Buttler,SV Samson,17
1304080,Kuldeep Yadav,R Powell,0
1304080,Lalit Yadav,AR Patel,2
1304080,Lalit Yadav,R Powell,12
1304080,Lalit Yadav,RR Pant,3
1304080,Lalit Yadav,SN Thakur,20
1304080,PP Shaw,DA Warner,15
1304080,PP Shaw,RR Pant,18
1304080,PP Shaw,SN Khan,4
1304080,R Powell,Kuldeep Yadav,20
1304080,R Powell,Lalit Yadav,16
1304080,RR Pant,Lalit Yadav,20
1304080,RR Pant,PP Shaw,24
1304080,SN Khan,PP Shaw,1
1304080,SN Thakur,Lalit Yadav,10
1304080,SO Hetmyer,SV Samson,1
1304080,SV Samson,JC Buttler,29
1304080,SV Samson,SO Hetmyer,17
1304081,A Manohar,R Tewatia,2
1304081,AD Russell,Shivam Mavi,8
1304081,AD Russell,UT Yadav,24
1304081,AD Russell,VR Iyer,16
1304081,AS Joseph,R Tewatia,1
1304081,DA Miller,HH Pandya,27
1304081,HH Pandya,DA Miller,20
1304081,HH Pandya,R Tewatia,0
1304081,HH Pandya,WP Saha,47
1304081,LH Ferguson,R Tewatia,0
1304081,N Rana,SS Iyer,2
1304081,R Tewatia,A Manohar,8
1304081,R Tewatia,AS Joseph,4
1304081,R Tewatia,HH Pandya,4
1304081,R Tewatia,Rashid Khan,1
1304081,RK Singh,SS Iyer,8
1304081,RK Singh,VR Iyer,27
1304081,Rashid Khan,R Tewatia,0
1304081,SP Narine,SS Iyer,5
1304081,SS Iyer,N Rana,4
1304081,SS Iyer,RK Singh,8
1304081,SS Iyer,SP Narine,0
1304081,SW Billings,SP Narine,4
1304081,Shivam Mavi,AD Russell,2
1304081,Shubman Gill,WP Saha,7
1304081,TG Southee,UT Yadav,1
1304081,UT Yadav,AD Russell,13
1304081,UT Yadav,TG Southee,2
1304081,VR Iyer,AD Russell,1
1304081,VR Iyer,RK Singh,16
1304081,WP Saha,HH Pandya,25
1304081,WP Saha,Shubman Gill,0
1304081,Yash Dayal,AS Joseph,0
1304082,Abhishek Sharma,KS Williamson,47
1304082,Anuj Rawat,F du Plessis,0
1304082,Anuj Rawat,GJ Maxwell,0
1304082,F du Plessis,Anuj Rawat,5
1304082,GJ Maxwell,Anuj Rawat,1
1304082,GJ Maxwell,SS Prabhudessai,11
1304082,HV Patel,PWH de Silva,4
1304082,HV Patel,Shahbaz Ahmed,0
1304082,JR Hazlewood,Mohammed Siraj,1
1304082,JR Hazlewood,PWH de Silva,2
1304082,KD Karthik,Shahbaz Ahmed,0
1304082,KS Williamson,Abhishek Sharma,15
1304082,KS Williamson,RA Tripathi,1
1304082,Mohammed Siraj,JR Hazlewood,2
1304082,PWH de Silva,HV Patel,0
1304082,PWH de Silva,JR Hazlewood,8
1304082,RA Tripathi,KS Williamson,7
1304082,SS Prabhudessai,GJ Maxwell,1
1304082,SS Prabhudessai,Shahbaz Ahmed,14
1304082,Shahbaz Ahmed,HV Patel,2
1304082,Shahbaz Ahmed,SS Prabhudessai,5
1304082,V Kohli,Anuj Rawat,0
1304083,A Badoni,KL Rahul,14
1304083,D Brevis,RG Sharma,3
1304083,DJ Hooda,KL Rahul,10
1304083,DR Sams,HR Shokeen,0
1304083,DR Sams,JD Unadkat,0
1304083,DR Sams,KA Pollard,3
1304083,Ishan Kishan,RG Sharma,8
1304083,JD Unadkat,DR Sams,1
1304083,JJ Bumrah,HR Shokeen,0
1304083,JO Holder,KL Rahul,0
1304083,KA Pollard,DR Sams,2
1304083,KA Pollard,Tilak Varma,17
1304083,KH Pandya,KL Rahul,1
1304083,KL Rahul,A Badoni,32
1304083,KL Rahul,DJ Hooda,7
1304083,KL Rahul,MK Pandey,35
1304083,KL Rahul,MP Stoinis,12
1304083,KL Rahul,Q de Kock,17
1304083,MK Pandey,KL Rahul,22
1304083,MP Stoinis,KL Rahul,0
1304083,Q de Kock,KL Rahul,10
1304083,RG Sharma,D Brevis,2
1304083,RG Sharma,Ishan Kishan,35
1304083,RG Sharma,SA Yadav,2
1304083,SA Yadav,RG Sharma,2
1304083,SA Yadav,Tilak Varma,5
1304083,Tilak Varma,KA Pollard,34
1304083,Tilak Varma,SA Yadav,4
1304084,AT Rayudu,RA Jadeja,46
1304084,AT Rayudu,RD Gaikwad,32
1304084,D Pretorius,RA Jadeja,1
1304084,JM Bairstow,S Dhawan,6
1304084,LS Livingstone,S Dhawan,19
1304084,MA Agarwal,S Dhawan,18
1304084,MJ Santner,RD Gaikwad,9
1304084,MS Dhoni,RA Jadeja,12
1304084,PBB Rajapaksa,S Dhawan,42
1304084,RA Jadeja,AT Rayudu,12
1304084,RA Jadeja,D Pretorius,7
1304084,RA Jadeja,MS Dhoni,2
1304084,RD Gaikwad,AT Rayudu,17
1304084,RD Gaikwad,MJ Santner,3
1304084,RD Gaikwad,RV Uthappa,9
1304084,RD Gaikwad,S Dube,1
1304084,RV Uthappa,RD Gaikwad,1
1304084,S Dhawan,JM Bairstow,7
1304084,S Dhawan,LS Livingstone,7
1304084,S Dhawan,MA Agarwal,16
1304084,S Dhawan,PBB Rajapaksa,58
1304084,S Dube,RD Gaikwad,8
1304085,D Padikkal,JC Buttler,7
1304085,DJ Mitchell,R Parag,9
1304085,DJ Mitchell,SV Samson,7
1304085,F du Plessis,RM Patidar,23
1304085,GJ Maxwell,RM Patidar,0
1304085,HV Patel,JR Hazlewood,7
1304085,HV Patel,Mohammed Siraj,0
1304085,HV Patel,PWH de Silva,1
1304085,JC Buttler,D Padikkal,3
1304085,JC Buttler,R Ashwin,5
1304085,JC Buttler,SV Samson,0
1304085,JR Hazlewood,HV Patel,0
1304085,KD Karthik,Shahbaz Ahmed,6
1304085,M Prasidh Krishna,R Parag,2
1304085,Mohammed Siraj,HV Patel,5
1304085,PWH de Silva,HV Patel,9
1304085,PWH de Silva,Shahbaz Ahmed,9
1304085,R Ashwin,JC Buttler,17
1304085,R Parag,DJ Mitchell,21
1304085,R Parag,M Prasidh Krishna,9
1304085,R Parag,TA Boult,3
1304085,R Parag,YS Chahal,23
1304085,RM Patidar,F du Plessis,2
1304085,RM Patidar,Shahbaz Ahmed,14
1304085,SO Hetmyer,R Parag,3
1304085,SS Prabhudessai,Shahbaz Ahmed,2
1304085,SV Samson,DJ Mitchell,27
1304085,Shahbaz Ahmed,KD Karthik,0
1304085,Shahbaz Ahmed,PWH de Silva,7
1304085,Shahbaz Ahmed,RM Patidar,6
1304085,Shahbaz Ahmed,SS Prabhudessai,4
1304085,TA Boult,R Parag,5
1304085,V Kohli,F du Plessis,9
1304086,A Manohar,R Tewatia,0
1304086,AK Markram,Abhishek Sharma,41
1304086,AK Markram,N Pooran,4
1304086,AK Markram,Washington Sundar,11
1304086,Abhishek Sharma,AK Markram,53
1304086,Abhishek Sharma,KS Williamson,10
1304086,Abhishek Sharma,RA Tripathi,2
1304086,DA Miller,R Tewatia,4
1304086,DA Miller,WP Saha,13
1304086,HH Pandya,WP Saha,10
1304086,KS Williamson,Abhishek Sharma,5
1304086,M Jansen,Shashank Singh,8
1304086,N Pooran,AK Markram,3
1304086,R Tewatia,DA Miller,13
1304086,R Tewatia,Rashid Khan,27
1304086,RA Tripathi,Abhishek Sharma,16
1304086,Rashid Khan,R Tewatia,31
1304086,Shashank Singh,M Jansen,25
1304086,Shubman Gill,WP Saha,22
1304086,WP Saha,DA Miller,20
1304086,WP Saha,HH Pandya,6
1304086,WP Saha,Shubman Gill,42
1304086,Washington Sundar,AK Markram,3
1304086,Washington Sundar,Shashank Singh,0
1304087,AD Russell,N Rana,0
1304087,AJ Finch,VR Iyer,3
1304087,AR Patel,R Powell,24
1304087,B Indrajith,SS Iyer,6
1304087,DA Warner,Lalit Yadav,38
1304087,DA Warner,MR Marsh,4
1304087,Harshit Rana,UT Yadav,0
1304087,Lalit Yadav,DA Warner,22
1304087,Lalit Yadav,RR Pant,0
1304087,MR Marsh,DA Warner,13
1304087,N Rana,RK Singh,36
1304087,N Rana,SS Iyer,21
1304087,N Rana,UT Yadav,0
1304087,PP Shaw,DA Warner,0
1304087,R Powell,AR Patel,5
1304087,R Powell,SN Thakur,28
1304087,RK Singh,N Rana,23
1304087,RR Pant,Lalit Yadav,2
1304087,RR Pant,R Powell,0
1304087,SN Thakur,R Powell,8
1304087,SP Narine,SS Iyer,0
1304087,SS Iyer,B Indrajith,7
1304087,SS Iyer,N Rana,25
1304087,SS Iyer,VR Iyer,10
1304087,TG Southee,UT Yadav,0
1304087,UT Yadav,N Rana,0
1304087,VR Iyer,AJ Finch,0
1304087,VR Iyer,SS Iyer,6
1304088,A Badoni,MP Stoinis,4
1304088,Arshdeep Singh,R Dhawan,0
1304088,Avesh Khan,Mohsin Khan,2
1304088,DJ Hooda,Q de Kock,34
1304088,JM Bairstow,JM Sharma,1
1304088,JM Bairstow,LS Livingstone,8
1304088,JM Bairstow,PBB Rajapaksa,2
1304088,JM Bairstow,R Dhawan,11
1304088,JM Bairstow,S Dhawan,10
1304088,JM Sharma,JM Bairstow,2
1304088,JO Holder,MP Stoinis,1
1304088,JO Holder,PVD Chameera,10
1304088,K Rabada,R Dhawan,2
1304088,KH Pandya,DJ Hooda,6
1304088,KH Pandya,MP Stoinis,1
1304088,KL Rahul,Q de Kock,6
1304088,LS Livingstone,JM Bairstow,18
1304088,MA Agarwal,S Dhawan,25
1304088,MP Stoinis,JO Holder,1
1304088,MP Stoinis,KH Pandya,0
1304088,Mohsin Khan,Avesh Khan,7
1304088,Mohsin Khan,PVD Chameera,6
1304088,PBB Rajapaksa,JM Bairstow,9
1304088,PVD Chameera,JO Holder,5
1304088,PVD Chameera,Mohsin Khan,12
1304088,Q de Kock,DJ Hooda,43
1304088,Q de Kock,KL Rahul,3
1304088,R Dhawan,Arshdeep Singh,15
1304088,R Dhawan,JM Bairstow,0
1304088,R Dhawan,K Rabada,6
1304088,RD Chahar,R Dhawan,4
1304088,S Dhawan,JM Bairstow,0
1304088,S Dhawan,MA Agarwal,5
1304089,B Sai Sudharsan,DA Miller,8
1304089,B Sai Sudharsan,HH Pandya,7
1304089,B Sai Sudharsan,Shubman Gill,5
1304089,DA Miller,B Sai Sudharsan,9
1304089,DA Miller,R Tewatia,30
1304089,F du Plessis,V Kohli,0
1304089,GJ Maxwell,KD Karthik,7
1304089,GJ Maxwell,Shahbaz Ahmed,11
1304089,GJ Maxwell,V Kohli,15
1304089,HH Pandya,B Sai Sudharsan,3
1304089,KD Karthik,GJ Maxwell,2
1304089,MK Lomror,Shahbaz Ahmed,16
1304089,R Tewatia,DA Miller,43
1304089,RM Patidar,V Kohli,52
1304089,Shahbaz Ahmed,GJ Maxwell,1
1304089,Shahbaz Ahmed,MK Lomror,1
1304089,Shubman Gill,B Sai Sudharsan,11
1304089,Shubman Gill,WP Saha,20
1304089,V Kohli,F du Plessis,10
1304089,V Kohli,GJ Maxwell,3
1304089,V Kohli,RM Patidar,45
1304089,WP Saha,Shubman Gill,29
1304090,D Padikkal,JC Buttler,15
1304090,DJ Mitchell,JC Buttler,17
1304090,DR Sams,TH David,6
1304090,Ishan Kishan,RG Sharma,20
1304090,Ishan Kishan,SA Yadav,6
1304090,JC Buttler,D Padikkal,10
1304090,JC Buttler,DJ Mitchell,18
1304090,JC Buttler,SO Hetmyer,29
1304090,JC Buttler,SV Samson,10
1304090,KA Pollard,TH David,10
1304090,R Ashwin,SO Hetmyer,21
1304090,R Parag,SO Hetmyer,3
1304090,RG Sharma,Ishan Kishan,2
1304090,SA Yadav,Ishan Kishan,12
1304090,SA Yadav,Tilak Varma,39
1304090,SO Hetmyer,JC Buttler,1
1304090,SO Hetmyer,R Ashwin,3
1304090,SO Hetmyer,R Parag,1
1304090,SO Hetmyer,TA Boult,1
1304090,SV Samson,JC Buttler,16
1304090,TA Boult,SO Hetmyer,1
1304090,TH David,KA Pollard,20
1304090,Tilak Varma,KA Pollard,0
1304090,Tilak Varma,SA Yadav,35
1304091,AR Patel,Kuldeep Yadav,24
1304091,AR Patel,R Powell,17
1304091,AR Patel,SN Thakur,1
1304091,DA Warner,MR Marsh,3
1304091,DA Warner,PP Shaw,0
1304091,DJ Hooda,KL Rahul,52
1304091,KH Pandya,MP Stoinis,9
1304091,KL Rahul,DJ Hooda,38
1304091,KL Rahul,MP Stoinis,23
1304091,KL Rahul,Q de Kock,16
1304091,Kuldeep Yadav,AR Patel,16
1304091,Lalit Yadav,RR Pant,3
1304091,MP Stoinis,KH Pandya,7
1304091,MP Stoinis,KL Rahul,10
1304091,MR Marsh,DA Warner,5
1304091,MR Marsh,RR Pant,32
1304091,PP Shaw,DA Warner,5
1304091,Q de Kock,KL Rahul,23
1304091,R Powell,AR Patel,8
1304091,R Powell,RR Pant,27
1304091,RR Pant,Lalit Yadav,10
1304091,RR Pant,MR Marsh,28
1304091,RR Pant,R Powell,6
1304091,SN Thakur,AR Patel,1
1304092,AK Markram,KS Williamson,17
1304092,Abhishek Sharma,KS Williamson,39
1304092,DP Conway,MS Dhoni,2
1304092,DP Conway,RA Jadeja,9
1304092,DP Conway,RD Gaikwad,74
1304092,KS Williamson,AK Markram,13
1304092,KS Williamson,Abhishek Sharma,18
1304092,KS Williamson,N Pooran,16
1304092,MS Dhoni,DP Conway,8
1304092,N Pooran,KS Williamson,21
1304092,N Pooran,M Jansen,33
1304092,N Pooran,Shashank Singh,10
1304092,RA Jadeja,DP Conway,1
1304092,RA Tripathi,KS Williamson,0
1304092,RD Gaikwad,DP Conway,99
1304092,Shashank Singh,N Pooran,15
1304092,Washington Sundar,N Pooran,2
1304093,AJ Finch,B Indrajith,4
1304093,B Indrajith,AJ Finch,10
1304093,B Indrajith,SS Iyer,5
1304093,D Padikkal,JC Buttler,2
1304093,JC Buttler,D Padikkal,5
1304093,JC Buttler,SV Samson,17
1304093,KK Nair,SV Samson,13
1304093,N Rana,RK Singh,17
1304093,N Rana,SS Iyer,31
1304093,R Ashwin,SO Hetmyer,6
1304093,R Parag,SV Samson,19
1304093,RK Singh,N Rana,42
1304093,SO Hetmyer,R Ashwin,27
1304093,SS Iyer,B Indrajith,10
1304093,SS Iyer,N Rana,24
1304093,SV Samson,JC Buttler,28
1304093,SV Samson,KK Nair,21
1304093,SV Samson,R Parag,5
1304093,SV Samson,SO Hetmyer,0
1304094,AS Joseph,B Sai Sudharsan,4
1304094,B Sai Sudharsan,AS Joseph,8
1304094,B Sai Sudharsan,DA Miller,12
1304094,B Sai Sudharsan,HH Pandya,6
1304094,B Sai Sudharsan,LH Ferguson,2
1304094,B Sai Sudharsan,PJ Sangwan,7
1304094,B Sai Sudharsan,R Tewatia,30
1304094,DA Miller,B Sai Sudharsan,11
1304094,HH Pandya,B Sai Sudharsan,1
1304094,JM Bairstow,S Dhawan,1
1304094,LH Ferguson,B Sai Sudharsan,5
1304094,LS Livingstone,S Dhawan,30
1304094,PBB Rajapaksa,S Dhawan,40
1304094,PJ Sangwan,B Sai Sudharsan,2
1304094,R Tewatia,B Sai Sudharsan,11
1304094,Rashid Khan,B Sai Sudharsan,0
1304094,S Dhawan,JM Bairstow,9
1304094,S Dhawan,LS Livingstone,11
1304094,S Dhawan,PBB Rajapaksa,42
1304094,Shubman Gill,WP Saha,9
1304094,WP Saha,B Sai Sudharsan,13
1304094,WP Saha,Shubman Gill,8
1304095,AT Rayudu,DP Conway,10
1304095,D Pretorius,MS Dhoni,1
1304095,D Pretorius,Simarjeet Singh,12
1304095,DP Conway,AT Rayudu,6
1304095,DP Conway,MM Ali,20
1304095,DP Conway,RD Gaikwad,26
1304095,DP Conway,RV Uthappa,4
1304095,F du Plessis,V Kohli,38
1304095,GJ Maxwell,V Kohli,3
1304095,KD Karthik,HV Patel,14
1304095,KD Karthik,MK Lomror,9
1304095,KD Karthik,Mohammed Siraj,2
1304095,KD Karthik,Shahbaz Ahmed,1
1304095,M Theekshana,Simarjeet Singh,7
1304095,MK Lomror,KD Karthik,21
1304095,MK Lomror,RM Patidar,20
1304095,MK Lomror,V Kohli,1
1304095,MM Ali,DP Conway,14
1304095,MM Ali,MS Dhoni,10
1304095,MM Ali,RA Jadeja,10
1304095,MS Dhoni,D Pretorius,1
1304095,MS Dhoni,MM Ali,1
1304095,PWH de Silva,KD Karthik,0
1304095,RA Jadeja,MM Ali,3
1304095,RD Gaikwad,DP Conway,28
1304095,RM Patidar,MK Lomror,21
1304095,RV Uthappa,DP Conway,1
1304095,Shahbaz Ahmed,KD Karthik,1
1304095,Simarjeet Singh,D Pretorius,2
1304095,V Kohli,F du Plessis,22
1304095,V Kohli,GJ Maxwell,7
1304095,V Kohli,MK Lomror,1
1304096,AK Markram,N Pooran,40
1304096,AK Markram,RA Tripathi,2
1304096,Abhishek Sharma,KS Williamson,7
1304096,B Kumar,S Gopal,5
1304096,DA Warner,MR Marsh,22
1304096,DA Warner,R Powell,50
1304096,DA Warner,RR Pant,20
1304096,KS Williamson,Abhishek Sharma,0
1304096,KS Williamson,RA Tripathi,4
1304096,Kartik Tyagi,S Gopal,7
1304096,MR Marsh,DA Warner,10
1304096,Mandeep Singh,DA Warner,0
1304096,N Pooran,AK Markram,19
1304096,N Pooran,S Gopal,12
1304096,N Pooran,SA Abbott,11
1304096,N Pooran,Shashank Singh,20
1304096,R Powell,DA Warner,67
1304096,RA Tripathi,AK Markram,11
1304096,RA Tripathi,KS Williamson,11
1304096,RR Pant,DA Warner,26
1304096,S Gopal,B Kumar,0
1304096,S Gopal,Kartik Tyagi,9
1304096,S Gopal,N Pooran,0
1304096,SA Abbott,N Pooran,7
1304096,Shashank Singh,N Pooran,10
1304097,B Sai Sudharsan,HH Pandya,14
1304097,DA Miller,HH Pandya,7
1304097,DA Miller,R Tewatia,12
1304097,DA Miller,Rashid Khan,0
1304097,DR Sams,TH David,0
1304097,HH Pandya,B Sai Sudharsan,12
1304097,HH Pandya,DA Miller,10
1304097,HH Pandya,WP Saha,2
1304097,Ishan Kishan,RG Sharma,28
1304097,Ishan Kishan,SA Yadav,12
1304097,Ishan Kishan,Tilak Varma,5
1304097,KA Pollard,Tilak Varma,4
1304097,R Tewatia,DA Miller,3
1304097,RG Sharma,Ishan Kishan,43
1304097,Rashid Khan,DA Miller,1
1304097,SA Yadav,Ishan Kishan,13
1304097,Shubman Gill,WP Saha,52
1304097,TH David,DR Sams,7
1304097,TH David,M Ashwin,12
1304097,TH David,Tilak Varma,25
1304097,Tilak Varma,Ishan Kishan,7
1304097,Tilak Varma,KA Pollard,2
1304097,Tilak Varma,TH David,12
1304097,WP Saha,HH Pandya,3
1304097,WP Saha,Shubman Gill,52
1304098,D Padikkal,SO Hetmyer,15
1304098,D Padikkal,YBK Jaiswal,16
1304098,JC Buttler,YBK Jaiswal,30
1304098,JM Bairstow,JM Sharma,0
1304098,JM Bairstow,MA Agarwal,11
1304098,JM Bairstow,PBB Rajapaksa,14
1304098,JM Bairstow,S Dhawan,31
1304098,JM Sharma,JM Bairstow,1
1304098,JM Sharma,LS Livingstone,22
1304098,JM Sharma,R Dhawan,15
1304098,LS Livingstone,JM Sharma,22
1304098,MA Agarwal,JM Bairstow,15
1304098,PBB Rajapaksa,JM Bairstow,27
1304098,R Dhawan,JM Sharma,5
1304098,R Parag,SO Hetmyer,0
1304098,S Dhawan,JM Bairstow,12
1304098,SO Hetmyer,D Padikkal,24
1304098,SO Hetmyer,R Parag,7
1304098,SV Samson,YBK Jaiswal,23
1304098,YBK Jaiswal,D Padikkal,36
1304098,YBK Jaiswal,JC Buttler,16
1304098,YBK Jaiswal,SV Samson,16
1304099,A Badoni,JO Holder,2
1304099,A Badoni,KH Pandya,5
1304099,A Badoni,MP Stoinis,8
1304099,A Badoni,PVD Chameera,0
1304099,AD Russell,RK Singh,39
1304099,AD Russell,SP Narine,6
1304099,AJ Finch,N Rana,10
1304099,AJ Finch,SS Iyer,4
1304099,AS Roy,SP Narine,0
1304099,B Indrajith,AJ Finch,0
1304099,DJ Hooda,KH Pandya,18
1304099,DJ Hooda,Q de Kock,23
1304099,Harshit Rana,Shivam Mavi,2
1304099,JO Holder,A Badoni,13
1304099,KH Pandya,A Badoni,10
1304099,KH Pandya,DJ Hooda,15
1304099,MP Stoinis,A Badoni,28
1304099,N Rana,AJ Finch,1
1304099,N Rana,RK Singh,1
1304099,PVD Chameera,A Badoni,0
1304099,Q de Kock,DJ Hooda,48
1304099,Q de Kock,KL Rahul,2
1304099,RK Singh,AD Russell,5
1304099,RK Singh,N Rana,1
1304099,SP Narine,AD Russell,10
1304099,SP Narine,Shivam Mavi,12
1304099,SS Iyer,AJ Finch,6
1304099,Shivam Mavi,SP Narine,1
1304099,TG Southee,Shivam Mavi,0
1304100,AK Markram,RA Tripathi,21
1304100,Abhishek Sharma,KS Williamson,0
1304100,Abhishek Sharma,RA Tripathi,0
1304100,B Kumar,Fazalhaq Farooqi,8
1304100,B Kumar,Shashank Singh,0
1304100,F du Plessis,GJ Maxwell,18
1304100,F du Plessis,KD Karthik,3
1304100,F du Plessis,RM Patidar,52
1304100,Fazalhaq Farooqi,B Kumar,2
1304100,GJ Maxwell,F du Plessis,33
1304100,J Suchith,RA Tripathi,2
1304100,KD Karthik,F du Plessis,30
1304100,Kartik Tyagi,Shashank Singh,0
1304100,N Pooran,RA Tripathi,19
1304100,RA Tripathi,AK Markram,29
1304100,RA Tripathi,Abhishek Sharma,1
1304100,RA Tripathi,J Suchith,11
1304100,RA Tripathi,N Pooran,16
1304100,RA Tripathi,Shashank Singh,1
1304100,RM Patidar,F du Plessis,48
1304100,Shashank Singh,B Kumar,0
1304100,Shashank Singh,RA Tripathi,8
1304100,Umran Malik,B Kumar,0
1304100,V Kohli,F du Plessis,0
1304101,A Nortje,SN Thakur,1
1304101,AR Patel,R Powell,1
1304101,AT Rayudu,MS Dhoni,5
1304101,AT Rayudu,S Dube,0
1304101,DA Warner,KS Bharat,8
1304101,DA Warner,MR Marsh,11
1304101,DJ Bravo,MS Dhoni,1
1304101,DP Conway,RD Gaikwad,64
1304101,DP Conway,S Dube,23
1304101,KK Ahmed,A Nortje,0
1304101,KS Bharat,DA Warner,8
1304101,Kuldeep Yadav,SN Thakur,5
1304101,MM Ali,MS Dhoni,9
1304101,MR Marsh,DA Warner,9
1304101,MR Marsh,RR Pant,16
1304101,MS Dhoni,AT Rayudu,11
1304101,MS Dhoni,DJ Bravo,4
1304101,MS Dhoni,MM Ali,6
1304101,R Powell,RR Pant,2
1304101,R Powell,SN Thakur,1
1304101,RD Gaikwad,DP Conway,41
1304101,RR Pant,MR Marsh,20
1304101,RR Pant,R Powell,1
1304101,RV Patel,R Powell,6
1304101,RV Uthappa,MS Dhoni,0
1304101,S Dube,AT Rayudu,0
1304101,S Dube,DP Conway,32
1304101,SN Thakur,A Nortje,16
1304101,SN Thakur,Kuldeep Yadav,6
1304101,SN Thakur,R Powell,2
1304102,AD Russell,N Rana,9
1304102,AM Rahane,N Rana,16
1304102,AM Rahane,VR Iyer,9
1304102,DR Sams,KA Pollard,1
1304102,Ishan Kishan,KA Pollard,8
1304102,Ishan Kishan,Ramandeep Singh,22
1304102,Ishan Kishan,TH David,1
1304102,Ishan Kishan,Tilak Varma,20
1304102,K Kartikeya,KA Pollard,3
1304102,KA Pollard,DR Sams,1
1304102,KA Pollard,Ishan Kishan,9
1304102,KA Pollard,JJ Bumrah,1
1304102,KA Pollard,K Kartikeya,4
1304102,M Ashwin,KA Pollard,0
1304102,N Rana,AD Russell,4
1304102,N Rana,AM Rahane,10
1304102,N Rana,RK Singh,0
1304102,N Rana,SS Iyer,29
1304102,PJ Cummins,RK Singh,0
1304102,RG Sharma,Ishan Kishan,2
1304102,RK Singh,CV Varun,1
1304102,RK Singh,N Rana,3
1304102,RK Singh,SP Jackson,12
1304102,RK Singh,TG Southee,7
1304102,RP Meredith,JJ Bumrah,0
1304102,Ramandeep Singh,Ishan Kishan,12
1304102,SP Jackson,RK Singh,5
1304102,SP Narine,RK Singh,0
1304102,SS Iyer,N Rana,6
1304102,TG Southee,RK Singh,0
1304102,TH David,Ishan Kishan,13
1304102,Tilak Varma,Ishan Kishan,6
1304102,VR Iyer,AM Rahane,43
1304103,A Badoni,DJ Hooda,8
1304103,Avesh Khan,PVD Chameera,12
1304103,DA Miller,Shubman Gill,26
1304103,DJ Hooda,A Badoni,7
1304103,DJ Hooda,JO Holder,1
1304103,DJ Hooda,KH Pandya,7
1304103,DJ Hooda,KL Rahul,4
1304103,DJ Hooda,KS Sharma,5
1304103,DJ Hooda,MP Stoinis,1
1304103,DJ Hooda,Mohsin Khan,2
1304103,DJ Hooda,PVD Chameera,0
1304103,HH Pandya,Shubman Gill,11
1304103,JO Holder,DJ Hooda,1
1304103,KH Pandya,DJ Hooda,5
1304103,KL Rahul,DJ Hooda,0
1304103,KL Rahul,Q de Kock,8
1304103,KS Sharma,DJ Hooda,4
1304103,MP Stoinis,DJ Hooda,2
1304103,MS Wade,Shubman Gill,10
1304103,Mohsin Khan,DJ Hooda,1
1304103,Q de Kock,KL Rahul,11
1304103,R Tewatia,Shubman Gill,22
1304103,Shubman Gill,DA Miller,24
1304103,Shubman Gill,HH Pandya,16
1304103,Shubman Gill,MS Wade,6
1304103,Shubman Gill,R Tewatia,14
1304103,Shubman Gill,WP Saha,3
1304103,WP Saha,Shubman Gill,5
1304104,D Padikkal,HE van der Dussen,1
1304104,D Padikkal,R Ashwin,29
1304104,D Padikkal,R Parag,6
1304104,D Padikkal,SV Samson,12
1304104,DA Warner,MR Marsh,48
1304104,DA Warner,RR Pant,4
1304104,HE van der Dussen,D Padikkal,3
1304104,HE van der Dussen,TA Boult,9
1304104,JC Buttler,YBK Jaiswal,7
1304104,KS Bharat,DA Warner,0
1304104,MR Marsh,DA Warner,89
1304104,R Ashwin,D Padikkal,24
1304104,R Ashwin,YBK Jaiswal,26
1304104,R Parag,D Padikkal,9
1304104,RR Pant,DA Warner,13
1304104,SV Samson,D Padikkal,6
1304104,TA Boult,HE van der Dussen,3
1304104,YBK Jaiswal,JC Buttler,2
1304104,YBK Jaiswal,R Ashwin,17
1304105,AT Rayudu,MS Dhoni,4
1304105,AT Rayudu,RD Gaikwad,6
1304105,DJ Bravo,MS Dhoni,12
1304105,DP Conway,RD Gaikwad,0
1304105,DR Sams,RG Sharma,0
1304105,DR Sams,Tilak Varma,1
1304105,HR Shokeen,Tilak Varma,18
1304105,Ishan Kishan,RG Sharma,6
1304105,M Theekshana,MS Dhoni,0
1304105,MM Ali,RD Gaikwad,0
1304105,MS Dhoni,AT Rayudu,6
1304105,MS Dhoni,DJ Bravo,18
1304105,MS Dhoni,M Theekshana,1
1304105,MS Dhoni,Mukesh Choudhary,11
1304105,MS Dhoni,S Dube,0
1304105,Mukesh Choudhary,MS Dhoni,4
1304105,RD Gaikwad,AT Rayudu,6
1304105,RD Gaikwad,DP Conway,1
1304105,RG Sharma,DR Sams,18
1304105,RV Uthappa,RD Gaikwad,1
1304105,S Dube,MS Dhoni,10
1304105,Simarjeet Singh,MS Dhoni,2
1304105,T Stubbs,Tilak Varma,0
1304105,TH David,Tilak Varma,16
1304105,Tilak Varma,DR Sams,1
1304105,Tilak Varma,HR Shokeen,27
1304105,Tilak Varma,TH David,6
1304106,F du Plessis,RM Patidar,0
1304106,F du Plessis,V Kohli,10
1304106,GJ Maxwell,KD Karthik,0
1304106,GJ Maxwell,RM Patidar,35
1304106,HV Patel,Mohammed Siraj,2
1304106,HV Patel,PWH de Silva,9
1304106,HV Patel,Shahbaz Ahmed,0
1304106,Harpreet Brar,LS Livingstone,7
1304106,JM Bairstow,LS Livingstone,6
1304106,JM Bairstow,PBB Rajapaksa,23
1304106,JM Bairstow,S Dhawan,37
1304106,JM Sharma,LS Livingstone,9
1304106,JR Hazlewood,Mohammed Siraj,7
1304106,K Rabada,RD Chahar,0
1304106,KD Karthik,Shahbaz Ahmed,11
1304106,LS Livingstone,Harpreet Brar,2
1304106,LS Livingstone,JM Bairstow,10
1304106,LS Livingstone,JM Sharma,3
1304106,LS Livingstone,MA Agarwal,31
1304106,LS Livingstone,R Dhawan,24
1304106,MA Agarwal,LS Livingstone,19
1304106,MK Lomror,RM Patidar,6
1304106,Mohammed Siraj,HV Patel,3
1304106,Mohammed Siraj,JR Hazlewood,6
1304106,PBB Rajapaksa,JM Bairstow,1
1304106,PWH de Silva,HV Patel,1
1304106,R Dhawan,LS Livingstone,7
1304106,R Dhawan,RD Chahar,0
1304106,RD Chahar,K Rabada,1
1304106,RD Chahar,R Dhawan,1
1304106,RM Patidar,F du Plessis,0
1304106,RM Patidar,GJ Maxwell,26
1304106,S Dhawan,JM Bairstow,21
1304106,Shahbaz Ahmed,HV Patel,4
1304106,Shahbaz Ahmed,KD Karthik,5
1304106,V Kohli,F du Plessis,20
1304107,AD Russell,SP Narine,19
1304107,AD Russell,SW Billings,30
1304107,AK Markram,Abhishek Sharma,10
1304107,AK Markram,N Pooran,1
1304107,AK Markram,Washington Sundar,21
1304107,AM Rahane,N Rana,21
1304107,AM Rahane,SS Iyer,0
1304107,AM Rahane,VR Iyer,7
1304107,Abhishek Sharma,AK Markram,8
1304107,Abhishek Sharma,KS Williamson,21
1304107,Abhishek Sharma,RA Tripathi,14
1304107,B Kumar,Shashank Singh,0
1304107,B Kumar,Umran Malik,6
1304107,KS Williamson,Abhishek Sharma,9
1304107,M Jansen,Shashank Singh,1
1304107,N Pooran,AK Markram,2
1304107,N Rana,AM Rahane,26
1304107,RA Tripathi,Abhishek Sharma,9
1304107,RK Singh,SW Billings,5
1304107,SP Narine,AD Russell,1
1304107,SS Iyer,AM Rahane,7
1304107,SS Iyer,SW Billings,8
1304107,SW Billings,AD Russell,26
1304107,SW Billings,RK Singh,5
1304107,SW Billings,SS Iyer,3
1304107,Shashank Singh,B Kumar,0
1304107,Shashank Singh,M Jansen,5
1304107,Shashank Singh,Washington Sundar,6
1304107,Umran Malik,B Kumar,3
1304107,VR Iyer,AM Rahane,7
1304107,Washington Sundar,AK Markram,2
1304107,Washington Sundar,Shashank Singh,2
1304108,DA Miller,WP Saha,15
1304108,DP Conway,RD Gaikwad,5
1304108,HH Pandya,WP Saha,7
1304108,MJ Santner,N Jagadeesan,1
1304108,MM Ali,RD Gaikwad,21
1304108,MS Dhoni,N Jagadeesan,7
1304108,MS Wade,WP Saha,20
1304108,N Jagadeesan,MJ Santner,2
1304108,N Jagadeesan,MS Dhoni,6
1304108,N Jagadeesan,RD Gaikwad,30
1304108,N Jagadeesan,S Dube,1
1304108,RD Gaikwad,DP Conway,2
1304108,RD Gaikwad,MM Ali,33
1304108,RD Gaikwad,N Jagadeesan,18
1304108,S Dube,N Jagadeesan,0
1304108,Shubman Gill,WP Saha,18
1304108,WP Saha,DA Miller,18
1304108,WP Saha,HH Pandya,3
1304108,WP Saha,MS Wade,6
1304108,WP Saha,Shubman Gill,40
1304109,A Badoni,KL Rahul,0
1304109,Avesh Khan,Mohsin Khan,1
1304109,D Padikkal,R Parag,15
1304109,D Padikkal,YBK Jaiswal,24
1304109,DJ Hooda,KH Pandya,37
1304109,DJ Hooda,KL Rahul,6
1304109,DJ Hooda,MP Stoinis,16
1304109,JC Buttler,YBK Jaiswal,2
1304109,JDS Neesham,R Ashwin,1
1304109,JDS Neesham,R Parag,13
1304109,JO Holder,MP Stoinis,1
1304109,KH Pandya,DJ Hooda,25
1304109,KL Rahul,DJ Hooda,8
1304109,KL Rahul,Q de Kock,2
1304109,MP Stoinis,DJ Hooda,5
1304109,MP Stoinis,JO Holder,2
1304109,MP Stoinis,Mohsin Khan,20
1304109,Mohsin Khan,Avesh Khan,1
1304109,Mohsin Khan,MP Stoinis,8
1304109,PVD Chameera,MP Stoinis,0
1304109,Q de Kock,KL Rahul,7
1304109,R Ashwin,JDS Neesham,1
1304109,R Ashwin,TA Boult,9
1304109,R Parag,D Padikkal,5
1304109,R Parag,JDS Neesham,14
1304109,SV Samson,YBK Jaiswal,32
1304109,TA Boult,R Ashwin,17
1304109,YBK Jaiswal,D Padikkal,2
1304109,YBK Jaiswal,JC Buttler,9
1304109,YBK Jaiswal,SV Samson,30
1304110,AR Patel,Kuldeep Yadav,2
1304110,AR Patel,MR Marsh,13
1304110,AR Patel,SN Thakur,2
1304110,Arshdeep Singh,RD Chahar,2
1304110,DA Warner,SN Khan,0
1304110,Harpreet Brar,JM Sharma,1
1304110,JM Bairstow,S Dhawan,28
1304110,JM Sharma,Harpreet Brar,5
1304110,JM Sharma,LS Livingstone,5
1304110,JM Sharma,R Dhawan,11
1304110,JM Sharma,RD Chahar,23
1304110,K Rabada,RD Chahar,6
1304110,Kuldeep Yadav,AR Patel,2
1304110,LS Livingstone,JM Sharma,1
1304110,LS Livingstone,MA Agarwal,1
1304110,LS Livingstone,S Dhawan,1
1304110,Lalit Yadav,MR Marsh,24
1304110,MA Agarwal,LS Livingstone,0
1304110,MR Marsh,AR Patel,18
1304110,MR Marsh,Lalit Yadav,22
1304110,MR Marsh,R Powell,2
1304110,MR Marsh,RR Pant,2
1304110,MR Marsh,SN Khan,19
1304110,PBB Rajapaksa,S Dhawan,4
1304110,R Dhawan,JM Sharma,4
1304110,R Powell,MR Marsh,2
1304110,RD Chahar,Arshdeep Singh,8
1304110,RD Chahar,JM Sharma,17
1304110,RR Pant,MR Marsh,7
1304110,S Dhawan,JM Bairstow,9
1304110,S Dhawan,LS Livingstone,0
1304110,S Dhawan,PBB Rajapaksa,10
1304110,SN Khan,MR Marsh,32
1304110,SN Thakur,AR Patel,3
1304111,AK Markram,KS Williamson,0
1304111,AK Markram,RA Tripathi,2
1304111,Abhishek Sharma,PK Garg,9
1304111,DR Sams,Ishan Kishan,1
1304111,DR Sams,TH David,1
1304111,DR Sams,Tilak Varma,13
1304111,Ishan Kishan,DR Sams,5
1304111,Ishan Kishan,RG Sharma,38
1304111,JJ Bumrah,Ramandeep Singh,0
1304111,KS Williamson,AK Markram,1
1304111,KS Williamson,Washington Sundar,7
1304111,N Pooran,RA Tripathi,38
1304111,PK Garg,Abhishek Sharma,5
1304111,PK Garg,RA Tripathi,37
1304111,R Sanjay Yadav,Ramandeep Singh,0
1304111,RA Tripathi,AK Markram,0
1304111,RA Tripathi,N Pooran,37
1304111,RA Tripathi,PK Garg,39
1304111,RG Sharma,Ishan Kishan,48
1304111,Ramandeep Singh,JJ Bumrah,14
1304111,T Stubbs,TH David,2
1304111,TH David,DR Sams,2
1304111,TH David,Ramandeep Singh,29
1304111,TH David,T Stubbs,15
1304111,Tilak Varma,DR Sams,8
1304111,Washington Sundar,KS Williamson,9
1304112,A Tomar,N Rana,4
1304112,AD Russell,RK Singh,2
1304112,AD Russell,SW Billings,3
1304112,KL Rahul,Q de Kock,68
1304112,N Rana,A Tomar,5
1304112,N Rana,SS Iyer,37
1304112,Q de Kock,KL Rahul,140
1304112,RK Singh,AD Russell,6
1304112,RK Singh,SP Narine,34
1304112,SP Narine,RK Singh,21
1304112,SS Iyer,N Rana,17
1304112,SS Iyer,SW Billings,33
1304112,SW Billings,AD Russell,8
1304112,SW Billings,SS Iyer,28
1304112,UT Yadav,SP Narine,0
1304112,VR Iyer,A Tomar,0
1304113,DA Miller,HH Pandya,34
1304113,F du Plessis,V Kohli,44
1304113,GJ Maxwell,KD Karthik,21
1304113,GJ Maxwell,V Kohli,19
1304113,HH Pandya,DA Miller,26
1304113,HH Pandya,R Tewatia,6
1304113,HH Pandya,Rashid Khan,17
1304113,HH Pandya,WP Saha,13
1304113,KD Karthik,GJ Maxwell,2
1304113,MS Wade,WP Saha,16
1304113,R Tewatia,HH Pandya,2
1304113,Rashid Khan,HH Pandya,19
1304113,Shubman Gill,WP Saha,1
1304113,V Kohli,F du Plessis,65
1304113,V Kohli,GJ Maxwell,8
1304113,WP Saha,HH Pandya,10
1304113,WP Saha,MS Wade,1
1304113,WP Saha,Shubman Gill,20
1304114,AT Rayudu,MM Ali,3
1304114,D Padikkal,YBK Jaiswal,3
1304114,DP Conway,MM Ali,16
1304114,JC Buttler,YBK Jaiswal,2
1304114,MJ Santner,Simarjeet Singh,1
1304114,MM Ali,AT Rayudu,3
1304114,MM Ali,DP Conway,66
1304114,MM Ali,MJ Santner,0
1304114,MM Ali,MS Dhoni,22
1304114,MM Ali,N Jagadeesan,2
1304114,MS Dhoni,MM Ali,26
1304114,N Jagadeesan,MM Ali,1
1304114,R Ashwin,R Parag,25
1304114,R Ashwin,SO Hetmyer,2
1304114,R Ashwin,YBK Jaiswal,13
1304114,R Parag,R Ashwin,10
1304114,RD Gaikwad,DP Conway,2
1304114,SO Hetmyer,R Ashwin,6
1304114,SV Samson,YBK Jaiswal,15
1304114,Simarjeet Singh,MJ Santner,3
1304114,YBK Jaiswal,D Padikkal,6
1304114,YBK Jaiswal,JC Buttler,13
1304114,YBK Jaiswal,R Ashwin,14
1304114,YBK Jaiswal,SV Samson,26
1304115,AR Patel,Kuldeep Yadav,6
1304115,AR Patel,R Powell,10
1304115,AR Patel,SN Thakur,3
1304115,D Brevis,Ishan Kishan,25
1304115,D Brevis,Tilak Varma,12
1304115,DA Warner,PP Shaw,5
1304115,DR Sams,Ramandeep Singh,0
1304115,Ishan Kishan,D Brevis,26
1304115,Ishan Kishan,RG Sharma,22
1304115,Kuldeep Yadav,AR Patel,1
1304115,MR Marsh,PP Shaw,0
1304115,PP Shaw,DA Warner,15
1304115,PP Shaw,MR Marsh,1
1304115,PP Shaw,RR Pant,8
1304115,R Powell,AR Patel,8
1304115,R Powell,RR Pant,35
1304115,RG Sharma,Ishan Kishan,2
1304115,RR Pant,PP Shaw,1
1304115,RR Pant,R Powell,29
1304115,RR Pant,SN Khan,9
1304115,Ramandeep Singh,DR Sams,4
1304115,Ramandeep Singh,Tilak Varma,9
1304115,SN Khan,RR Pant,10
1304115,SN Thakur,AR Patel,4
1304115,TH David,Tilak Varma,34
1304115,Tilak Varma,D Brevis,6
1304115,Tilak Varma,Ramandeep Singh,1
1304115,Tilak Varma,TH David,14
1304116,AK Markram,Abhishek Sharma,8
1304116,AK Markram,N Pooran,5
1304116,AK Markram,Washington Sundar,8
1304116,Abhishek Sharma,AK Markram,7
1304116,Abhishek Sharma,PK Garg,10
1304116,Abhishek Sharma,RA Tripathi,26
1304116,B Kumar,R Shepherd,1
1304116,J Suchith,R Shepherd,0
1304116,JM Bairstow,S Dhawan,23
1304116,JM Sharma,LS Livingstone,19
1304116,LS Livingstone,JM Sharma,2
1304116,LS Livingstone,PN Mankad,22
1304116,LS Livingstone,S Dhawan,25
1304116,M Shahrukh Khan,S Dhawan,19
1304116,MA Agarwal,S Dhawan,1
1304116,N Pooran,AK Markram,5
1304116,PK Garg,Abhishek Sharma,4
1304116,PN Mankad,LS Livingstone,4
1304116,R Shepherd,B Kumar,0
1304116,R Shepherd,Washington Sundar,26
1304116,RA Tripathi,Abhishek Sharma,20
1304116,S Dhawan,JM Bairstow,5
1304116,S Dhawan,LS Livingstone,12
1304116,S Dhawan,M Shahrukh Khan,19
1304116,S Dhawan,MA Agarwal,3
1304116,Umran Malik,R Shepherd,0
1304116,Washington Sundar,AK Markram,1
1304116,Washington Sundar,R Shepherd,24
1312197,D Padikkal,JC Buttler,28
1312197,DA Miller,HH Pandya,68
1312197,HH Pandya,DA Miller,33
1312197,HH Pandya,MS Wade,7
1312197,JC Buttler,D Padikkal,7
1312197,JC Buttler,R Parag,19
1312197,JC Buttler,SO Hetmyer,40
1312197,JC Buttler,SV Samson,15
1312197,JC Buttler,YBK Jaiswal,8
1312197,MS Wade,HH Pandya,5
1312197,MS Wade,Shubman Gill,30
1312197,R Ashwin,R Parag,0
1312197,R Ashwin,TA Boult,2
1312197,R Parag,JC Buttler,4
1312197,SO Hetmyer,JC Buttler,4
1312197,SV Samson,JC Buttler,47
1312197,Shubman Gill,MS Wade,35
1312197,WP Saha,Shubman Gill,0
1312197,YBK Jaiswal,JC Buttler,3
1312198,DJ Hooda,KL Rahul,45
1312198,E Lewis,KL Rahul,1
1312198,E Lewis,PVD Chameera,1
1312198,F du Plessis,V Kohli,0
1312198,GJ Maxwell,RM Patidar,9
1312198,KD Karthik,RM Patidar,37
1312198,KH Pandya,E Lewis,0
1312198,KL Rahul,DJ Hooda,48
1312198,KL Rahul,E Lewis,2
1312198,KL Rahul,M Vohra,8
1312198,KL Rahul,MP Stoinis,20
1312198,KL Rahul,Q de Kock,1
1312198,M Vohra,KL Rahul,19
1312198,MK Lomror,RM Patidar,14
1312198,MP Stoinis,KL Rahul,9
1312198,PVD Chameera,E Lewis,11
1312198,Q de Kock,KL Rahul,6
1312198,RM Patidar,GJ Maxwell,7
1312198,RM Patidar,KD Karthik,49
1312198,RM Patidar,MK Lomror,13
1312198,RM Patidar,V Kohli,43
1312198,V Kohli,F du Plessis,3
1312198,V Kohli,RM Patidar,22
1312199,D Padikkal,JC Buttler,9
1312199,F du Plessis,RM Patidar,23
1312199,F du Plessis,V Kohli,2
1312199,GJ Maxwell,RM Patidar,24
1312199,HV Patel,Shahbaz Ahmed,1
1312199,JC Buttler,D Padikkal,26
1312199,JC Buttler,SO Hetmyer,11
1312199,JC Buttler,SV Samson,29
1312199,JC Buttler,YBK Jaiswal,40
1312199,JR Hazlewood,Shahbaz Ahmed,1
1312199,KD Karthik,MK Lomror,6
1312199,KD Karthik,Shahbaz Ahmed,0
1312199,MK Lomror,KD Karthik,5
1312199,MK Lomror,RM Patidar,3
1312199,PWH de Silva,Shahbaz Ahmed,0
1312199,RM Patidar,F du Plessis,37
1312199,RM Patidar,GJ Maxwell,7
1312199,RM Patidar,MK Lomror,14
1312199,SO Hetmyer,JC Buttler,2
1312199,SV Samson,JC Buttler,23
1312199,Shahbaz Ahmed,HV Patel,6
1312199,Shahbaz Ahmed,JR Hazlewood,2
1312199,Shahbaz Ahmed,KD Karthik,4
1312199,V Kohli,F du Plessis,7
1312199,YBK Jaiswal,JC Buttler,21
1312200,D Padikkal,JC Buttler,2
1312200,DA Miller,Shubman Gill,32
1312200,HH Pandya,Shubman Gill,34
1312200,JC Buttler,D Padikkal,16
1312200,JC Buttler,SO Hetmyer,0
1312200,JC Buttler,SV Samson,15
1312200,JC Buttler,YBK Jaiswal,8
1312200,MS Wade,Shubman Gill,8
1312200,OC McCoy,R Parag,8
1312200,R Ashwin,R Parag,2
1312200,R Ashwin,SO Hetmyer,4
1312200,R Parag,M Prasidh Krishna,0
1312200,R Parag,OC McCoy,10
1312200,R Parag,R Ashwin,2
1312200,R Parag,TA Boult,3
1312200,SO Hetmyer,JC Buttler,0
1312200,SO Hetmyer,R Ashwin,11
1312200,SV Samson,JC Buttler,14
1312200,Shubman Gill,DA Miller,14
1312200,Shubman Gill,HH Pandya,26
1312200,Shubman Gill,MS Wade,1
1312200,Shubman Gill,WP Saha,4
1312200,TA Boult,R Parag,11
1312200,WP Saha,Shubman Gill,5
1312200,YBK Jaiswal,JC Buttler,22
